rep,pitype,biastype,method,mutationtype,mutationrate
10,unequalpi,bias,FUBAR1,AC,0.4566701188423271
10,unequalpi,bias,FUBAR1,GT,0.1708468718732777
10,unequalpi,bias,FUBAR1,CG,0.1495350003487441
10,unequalpi,bias,FUBAR1,AT,0.3072571195462496
10,unequalpi,bias,FUBAR1,CT,1.098767591355121
10,unequalpi,bias,FUBAR2,AC,0.4566482407373346
10,unequalpi,bias,FUBAR2,GT,0.1708609888943282
10,unequalpi,bias,FUBAR2,CG,0.1495398805218879
10,unequalpi,bias,FUBAR2,AT,0.307171184383337
10,unequalpi,bias,FUBAR2,CT,1.098800435738451
10,unequalpi,nobias,FUBAR1,AC,0.4697396486507565
10,unequalpi,nobias,FUBAR1,GT,0.1998466149420823
10,unequalpi,nobias,FUBAR1,CG,0.1854573305321497
10,unequalpi,nobias,FUBAR1,AT,0.243478514752024
10,unequalpi,nobias,FUBAR1,CT,1.238483638838858
10,unequalpi,nobias,FUBAR2,AC,0.4696806148666891
10,unequalpi,nobias,FUBAR2,GT,0.1998474217431714
10,unequalpi,nobias,FUBAR2,CG,0.1855054189283162
10,unequalpi,nobias,FUBAR2,AT,0.2434854673968467
10,unequalpi,nobias,FUBAR2,CT,1.238488780987529
11,unequalpi,bias,FUBAR1,AC,0.4581039500069306
11,unequalpi,bias,FUBAR1,GT,0.218356755503556
11,unequalpi,bias,FUBAR1,CG,0.2597297746040658
11,unequalpi,bias,FUBAR1,AT,0.2711537393734487
11,unequalpi,bias,FUBAR1,CT,1.148623892088887
11,unequalpi,bias,FUBAR2,AC,0.4579948488254679
11,unequalpi,bias,FUBAR2,GT,0.2183511962686636
11,unequalpi,bias,FUBAR2,CG,0.2597253567199709
11,unequalpi,bias,FUBAR2,AT,0.2711268708858861
11,unequalpi,bias,FUBAR2,CT,1.148347009826355
11,unequalpi,nobias,FUBAR1,AC,0.3813035475169488
11,unequalpi,nobias,FUBAR1,GT,0.2150318913370238
11,unequalpi,nobias,FUBAR1,CG,0.1216383321413665
11,unequalpi,nobias,FUBAR1,AT,0.3170059445779063
11,unequalpi,nobias,FUBAR1,CT,0.9422497560605142
11,unequalpi,nobias,FUBAR2,AC,0.3813185455495833
11,unequalpi,nobias,FUBAR2,GT,0.2150330599102602
11,unequalpi,nobias,FUBAR2,CG,0.1216505012004224
11,unequalpi,nobias,FUBAR2,AT,0.3170285127309605
11,unequalpi,nobias,FUBAR2,CT,0.9422550477076147
12,unequalpi,bias,FUBAR1,AC,0.3738764513151689
12,unequalpi,bias,FUBAR1,GT,0.2717526652648085
12,unequalpi,bias,FUBAR1,CG,0.2114915763351553
12,unequalpi,bias,FUBAR1,AT,0.3377583856814367
12,unequalpi,bias,FUBAR1,CT,1.05582412379347
12,unequalpi,bias,FUBAR2,AC,0.3738744873412551
12,unequalpi,bias,FUBAR2,GT,0.271881291947425
12,unequalpi,bias,FUBAR2,CG,0.2115972912333028
12,unequalpi,bias,FUBAR2,AT,0.3377983980151357
12,unequalpi,bias,FUBAR2,CT,1.055818571870246
12,unequalpi,nobias,FUBAR1,AC,0.4181044772707129
12,unequalpi,nobias,FUBAR1,GT,0.2003797836596436
12,unequalpi,nobias,FUBAR1,CG,0.2955070522633642
12,unequalpi,nobias,FUBAR1,AT,0.3697921810123138
12,unequalpi,nobias,FUBAR1,CT,1.016447443461293
12,unequalpi,nobias,FUBAR2,AC,0.4179619078095947
12,unequalpi,nobias,FUBAR2,GT,0.2003784868189128
12,unequalpi,nobias,FUBAR2,CG,0.2955401377315591
12,unequalpi,nobias,FUBAR2,AT,0.3697900824033793
12,unequalpi,nobias,FUBAR2,CT,1.016366448571912
13,unequalpi,bias,FUBAR1,AC,0.4202416877208532
13,unequalpi,bias,FUBAR1,GT,0.219846013073586
13,unequalpi,bias,FUBAR1,CG,0.252747769137321
13,unequalpi,bias,FUBAR1,AT,0.290336801990639
13,unequalpi,bias,FUBAR1,CT,1.126020457735919
13,unequalpi,bias,FUBAR2,AC,0.4202851569345302
13,unequalpi,bias,FUBAR2,GT,0.2198505388638862
13,unequalpi,bias,FUBAR2,CG,0.252759501975489
13,unequalpi,bias,FUBAR2,AT,0.2903430223062707
13,unequalpi,bias,FUBAR2,CT,1.126044915714505
13,unequalpi,nobias,FUBAR1,AC,0.3793910544908182
13,unequalpi,nobias,FUBAR1,GT,0.2402289632525112
13,unequalpi,nobias,FUBAR1,CG,0.257396855831973
13,unequalpi,nobias,FUBAR1,AT,0.3718442366726425
13,unequalpi,nobias,FUBAR1,CT,1.183092988047485
13,unequalpi,nobias,FUBAR2,AC,0.3793927510827396
13,unequalpi,nobias,FUBAR2,GT,0.240259121043235
13,unequalpi,nobias,FUBAR2,CG,0.2573654794052569
13,unequalpi,nobias,FUBAR2,AT,0.3718453387964963
13,unequalpi,nobias,FUBAR2,CT,1.183092330637465
14,unequalpi,bias,FUBAR1,AC,0.4065835540265718
14,unequalpi,bias,FUBAR1,GT,0.1973058690773913
14,unequalpi,bias,FUBAR1,CG,0.235405252467257
14,unequalpi,bias,FUBAR1,AT,0.2519720000561853
14,unequalpi,bias,FUBAR1,CT,1.295246173193432
14,unequalpi,bias,FUBAR2,AC,0.4066112473654522
14,unequalpi,bias,FUBAR2,GT,0.1973056547667198
14,unequalpi,bias,FUBAR2,CG,0.2353956691039272
14,unequalpi,bias,FUBAR2,AT,0.2519665204561841
14,unequalpi,bias,FUBAR2,CT,1.295405979680585
14,unequalpi,nobias,FUBAR1,AC,0.4737374529598393
14,unequalpi,nobias,FUBAR1,GT,0.2352620435867365
14,unequalpi,nobias,FUBAR1,CG,0.2039976368774359
14,unequalpi,nobias,FUBAR1,AT,0.401263205378339
14,unequalpi,nobias,FUBAR1,CT,1.134067892654226
14,unequalpi,nobias,FUBAR2,AC,0.4738029391585796
14,unequalpi,nobias,FUBAR2,GT,0.2353050411872958
14,unequalpi,nobias,FUBAR2,CG,0.2040102538854117
14,unequalpi,nobias,FUBAR2,AT,0.4013365534782196
14,unequalpi,nobias,FUBAR2,CT,1.134293843274448
15,unequalpi,bias,FUBAR1,AC,0.4977658791108392
15,unequalpi,bias,FUBAR1,GT,0.1928184318101445
15,unequalpi,bias,FUBAR1,CG,0.1329253406545868
15,unequalpi,bias,FUBAR1,AT,0.2622352532448919
15,unequalpi,bias,FUBAR1,CT,0.974971635392352
15,unequalpi,bias,FUBAR2,AC,0.4977455397877887
15,unequalpi,bias,FUBAR2,GT,0.1928095258335322
15,unequalpi,bias,FUBAR2,CG,0.1329550744924734
15,unequalpi,bias,FUBAR2,AT,0.2622360096728391
15,unequalpi,bias,FUBAR2,CT,0.974974509098004
15,unequalpi,nobias,FUBAR1,AC,0.4400209042907397
15,unequalpi,nobias,FUBAR1,GT,0.2545653179090335
15,unequalpi,nobias,FUBAR1,CG,0.2358192623365755
15,unequalpi,nobias,FUBAR1,AT,0.2902456057148441
15,unequalpi,nobias,FUBAR1,CT,1.279327282923953
15,unequalpi,nobias,FUBAR2,AC,0.4400103206841353
15,unequalpi,nobias,FUBAR2,GT,0.254555670319961
15,unequalpi,nobias,FUBAR2,CG,0.2357930320813202
15,unequalpi,nobias,FUBAR2,AT,0.2902360069506707
15,unequalpi,nobias,FUBAR2,CT,1.279161599530794
16,unequalpi,bias,FUBAR1,AC,0.4743699463185715
16,unequalpi,bias,FUBAR1,GT,0.2210060719850799
16,unequalpi,bias,FUBAR1,CG,0.2533989092492781
16,unequalpi,bias,FUBAR1,AT,0.2784011918855896
16,unequalpi,bias,FUBAR1,CT,1.082883114659096
16,unequalpi,bias,FUBAR2,AC,0.4743231749739696
16,unequalpi,bias,FUBAR2,GT,0.2209910007044129
16,unequalpi,bias,FUBAR2,CG,0.2534069943540041
16,unequalpi,bias,FUBAR2,AT,0.2783854827777177
16,unequalpi,bias,FUBAR2,CT,1.082651929719827
16,unequalpi,nobias,FUBAR1,AC,0.5122569354428432
16,unequalpi,nobias,FUBAR1,GT,0.223471676422786
16,unequalpi,nobias,FUBAR1,CG,0.2286217215346921
16,unequalpi,nobias,FUBAR1,AT,0.319495679736518
16,unequalpi,nobias,FUBAR1,CT,1.208699718080097
16,unequalpi,nobias,FUBAR2,AC,0.5122997982456668
16,unequalpi,nobias,FUBAR2,GT,0.2234821637997423
16,unequalpi,nobias,FUBAR2,CG,0.2286182228746919
16,unequalpi,nobias,FUBAR2,AT,0.3194988574165845
16,unequalpi,nobias,FUBAR2,CT,1.207883075134276
17,unequalpi,bias,FUBAR1,AC,0.5220976243817617
17,unequalpi,bias,FUBAR1,GT,0.1712807539212121
17,unequalpi,bias,FUBAR1,CG,0.1811106493576194
17,unequalpi,bias,FUBAR1,AT,0.2772144763876466
17,unequalpi,bias,FUBAR1,CT,1.060593671092
17,unequalpi,bias,FUBAR2,AC,0.5220995637048504
17,unequalpi,bias,FUBAR2,GT,0.171281334006499
17,unequalpi,bias,FUBAR2,CG,0.1811112357261754
17,unequalpi,bias,FUBAR2,AT,0.2772081131036764
17,unequalpi,bias,FUBAR2,CT,1.060665716152596
17,unequalpi,nobias,FUBAR1,AC,0.3613361767261746
17,unequalpi,nobias,FUBAR1,GT,0.2037764449543793
17,unequalpi,nobias,FUBAR1,CG,0.1878075216396368
17,unequalpi,nobias,FUBAR1,AT,0.268794294829425
17,unequalpi,nobias,FUBAR1,CT,0.965677755762118
17,unequalpi,nobias,FUBAR2,AC,0.3612906143729496
17,unequalpi,nobias,FUBAR2,GT,0.2036725043985951
17,unequalpi,nobias,FUBAR2,CG,0.187731655528106
17,unequalpi,nobias,FUBAR2,AT,0.2687721487500876
17,unequalpi,nobias,FUBAR2,CT,0.9650533765911532
18,unequalpi,bias,FUBAR1,AC,0.4752088587579997
18,unequalpi,bias,FUBAR1,GT,0.2061668560025058
18,unequalpi,bias,FUBAR1,CG,0.3210865954726678
18,unequalpi,bias,FUBAR1,AT,0.3125480677338102
18,unequalpi,bias,FUBAR1,CT,1.117121124274803
18,unequalpi,bias,FUBAR2,AC,0.4752818071436525
18,unequalpi,bias,FUBAR2,GT,0.2062609549863535
18,unequalpi,bias,FUBAR2,CG,0.3212498250046297
18,unequalpi,bias,FUBAR2,AT,0.3127054420815942
18,unequalpi,bias,FUBAR2,CT,1.117124806378615
18,unequalpi,nobias,FUBAR1,AC,0.5041547407291973
18,unequalpi,nobias,FUBAR1,GT,0.2130955457826432
18,unequalpi,nobias,FUBAR1,CG,0.2019455775168519
18,unequalpi,nobias,FUBAR1,AT,0.3239832335229192
18,unequalpi,nobias,FUBAR1,CT,1.096637457890816
18,unequalpi,nobias,FUBAR2,AC,0.5041634883736975
18,unequalpi,nobias,FUBAR2,GT,0.2130892963010137
18,unequalpi,nobias,FUBAR2,CG,0.2019048322949524
18,unequalpi,nobias,FUBAR2,AT,0.3239908295833158
18,unequalpi,nobias,FUBAR2,CT,1.096632994880826
19,unequalpi,bias,FUBAR1,AC,0.420915785657186
19,unequalpi,bias,FUBAR1,GT,0.1936266728069167
19,unequalpi,bias,FUBAR1,CG,0.2642502296411339
19,unequalpi,bias,FUBAR1,AT,0.2600455776816537
19,unequalpi,bias,FUBAR1,CT,1.073850762425789
19,unequalpi,bias,FUBAR2,AC,0.4209027580400677
19,unequalpi,bias,FUBAR2,GT,0.1936453794404835
19,unequalpi,bias,FUBAR2,CG,0.2642554735233129
19,unequalpi,bias,FUBAR2,AT,0.2600509186652915
19,unequalpi,bias,FUBAR2,CT,1.073912813123758
19,unequalpi,nobias,FUBAR1,AC,0.4258967242006949
19,unequalpi,nobias,FUBAR1,GT,0.1369873141111841
19,unequalpi,nobias,FUBAR1,CG,0.2277455861418776
19,unequalpi,nobias,FUBAR1,AT,0.2923389309129568
19,unequalpi,nobias,FUBAR1,CT,1.347647061998812
19,unequalpi,nobias,FUBAR2,AC,0.4258951784768298
19,unequalpi,nobias,FUBAR2,GT,0.1369871575991834
19,unequalpi,nobias,FUBAR2,CG,0.2277851570288436
19,unequalpi,nobias,FUBAR2,AT,0.2923317220384863
19,unequalpi,nobias,FUBAR2,CT,1.347639067229738
1,unequalpi,bias,FUBAR1,AC,0.3562821267007032
1,unequalpi,bias,FUBAR1,GT,0.2632076545083971
1,unequalpi,bias,FUBAR1,CG,0.266526902373061
1,unequalpi,bias,FUBAR1,AT,0.3561898444276437
1,unequalpi,bias,FUBAR1,CT,1.502997839429121
1,unequalpi,bias,FUBAR2,AC,0.3562866120257032
1,unequalpi,bias,FUBAR2,GT,0.2632087387750019
1,unequalpi,bias,FUBAR2,CG,0.2665161188651175
1,unequalpi,bias,FUBAR2,AT,0.3561941252062131
1,unequalpi,bias,FUBAR2,CT,1.502993907736516
1,unequalpi,nobias,FUBAR1,AC,0.4504920909758848
1,unequalpi,nobias,FUBAR1,GT,0.2156717375594704
1,unequalpi,nobias,FUBAR1,CG,0.2401186686801366
1,unequalpi,nobias,FUBAR1,AT,0.3981523514276165
1,unequalpi,nobias,FUBAR1,CT,1.25567779702483
1,unequalpi,nobias,FUBAR2,AC,0.4503954487952239
1,unequalpi,nobias,FUBAR2,GT,0.2156713806690549
1,unequalpi,nobias,FUBAR2,CG,0.2401182669438855
1,unequalpi,nobias,FUBAR2,AT,0.3981503683879097
1,unequalpi,nobias,FUBAR2,CT,1.255852417581679
20,unequalpi,bias,FUBAR1,AC,0.4034283393774995
20,unequalpi,bias,FUBAR1,GT,0.2443493629227461
20,unequalpi,bias,FUBAR1,CG,0.1170164502349801
20,unequalpi,bias,FUBAR1,AT,0.3058445808544953
20,unequalpi,bias,FUBAR1,CT,0.8984701645363969
20,unequalpi,bias,FUBAR2,AC,0.40342406964327
20,unequalpi,bias,FUBAR2,GT,0.244347704485213
20,unequalpi,bias,FUBAR2,CG,0.1170096085692144
20,unequalpi,bias,FUBAR2,AT,0.3058425060640751
20,unequalpi,bias,FUBAR2,CT,0.8984639819666063
20,unequalpi,nobias,FUBAR1,AC,0.3636358066749625
20,unequalpi,nobias,FUBAR1,GT,0.1771913094701967
20,unequalpi,nobias,FUBAR1,CG,0.2053081078960755
20,unequalpi,nobias,FUBAR1,AT,0.3619527781371691
20,unequalpi,nobias,FUBAR1,CT,1.058325458007461
20,unequalpi,nobias,FUBAR2,AC,0.3637001057086892
20,unequalpi,nobias,FUBAR2,GT,0.1771784013637536
20,unequalpi,nobias,FUBAR2,CG,0.2053066355219788
20,unequalpi,nobias,FUBAR2,AT,0.3619058111271087
20,unequalpi,nobias,FUBAR2,CT,1.058359210043472
21,unequalpi,bias,FUBAR1,AC,0.4925877476933314
21,unequalpi,bias,FUBAR1,GT,0.1412859073149494
21,unequalpi,bias,FUBAR1,CG,0.2245277197908377
21,unequalpi,bias,FUBAR1,AT,0.3075327689084881
21,unequalpi,bias,FUBAR1,CT,1.031804483997195
21,unequalpi,bias,FUBAR2,AC,0.4926336774586794
21,unequalpi,bias,FUBAR2,GT,0.1412857283410204
21,unequalpi,bias,FUBAR2,CG,0.224497106216025
21,unequalpi,bias,FUBAR2,AT,0.3075293041076709
21,unequalpi,bias,FUBAR2,CT,1.031962193829352
21,unequalpi,nobias,FUBAR1,AC,0.4128378807125027
21,unequalpi,nobias,FUBAR1,GT,0.2471566123973807
21,unequalpi,nobias,FUBAR1,CG,0.2570636782709687
21,unequalpi,nobias,FUBAR1,AT,0.3477362302706215
21,unequalpi,nobias,FUBAR1,CT,1.384490879614585
21,unequalpi,nobias,FUBAR2,AC,0.412904623015849
21,unequalpi,nobias,FUBAR2,GT,0.2471560185818048
21,unequalpi,nobias,FUBAR2,CG,0.2570628260434663
21,unequalpi,nobias,FUBAR2,AT,0.3476974872036855
21,unequalpi,nobias,FUBAR2,CT,1.384758180097917
22,unequalpi,bias,FUBAR1,AC,0.4363536848027064
22,unequalpi,bias,FUBAR1,GT,0.199480018612827
22,unequalpi,bias,FUBAR1,CG,0.2173481963952589
22,unequalpi,bias,FUBAR1,AT,0.3649364957582125
22,unequalpi,bias,FUBAR1,CT,0.9976969329942017
22,unequalpi,bias,FUBAR2,AC,0.4363768428824306
22,unequalpi,bias,FUBAR2,GT,0.1994523571849393
22,unequalpi,bias,FUBAR2,CG,0.2173326581201216
22,unequalpi,bias,FUBAR2,AT,0.3649119089855036
22,unequalpi,bias,FUBAR2,CT,0.9974623307033367
22,unequalpi,nobias,FUBAR1,AC,0.4998273970647777
22,unequalpi,nobias,FUBAR1,GT,0.1364292459947044
22,unequalpi,nobias,FUBAR1,CG,0.1755426001275598
22,unequalpi,nobias,FUBAR1,AT,0.2336485533759211
22,unequalpi,nobias,FUBAR1,CT,1.139100741927931
22,unequalpi,nobias,FUBAR2,AC,0.4998130710218116
22,unequalpi,nobias,FUBAR2,GT,0.1364431936539934
22,unequalpi,nobias,FUBAR2,CG,0.1755637972791932
22,unequalpi,nobias,FUBAR2,AT,0.23363204205789
22,unequalpi,nobias,FUBAR2,CT,1.139316377723927
23,unequalpi,bias,FUBAR1,AC,0.5802830269350692
23,unequalpi,bias,FUBAR1,GT,0.2466352547567457
23,unequalpi,bias,FUBAR1,CG,0.2335956475407251
23,unequalpi,bias,FUBAR1,AT,0.3163134498685107
23,unequalpi,bias,FUBAR1,CT,1.31808042459439
23,unequalpi,bias,FUBAR2,AC,0.5799871847218852
23,unequalpi,bias,FUBAR2,GT,0.2466512694456095
23,unequalpi,bias,FUBAR2,CG,0.2335961115915771
23,unequalpi,bias,FUBAR2,AT,0.3163127391750625
23,unequalpi,bias,FUBAR2,CT,1.318086432757043
23,unequalpi,nobias,FUBAR1,AC,0.3645052760418268
23,unequalpi,nobias,FUBAR1,GT,0.2601331630142343
23,unequalpi,nobias,FUBAR1,CG,0.2495993040517507
23,unequalpi,nobias,FUBAR1,AT,0.3507763560482403
23,unequalpi,nobias,FUBAR1,CT,1.212501650586308
23,unequalpi,nobias,FUBAR2,AC,0.3643981046370782
23,unequalpi,nobias,FUBAR2,GT,0.2600951304752795
23,unequalpi,nobias,FUBAR2,CG,0.2495818213998512
23,unequalpi,nobias,FUBAR2,AT,0.3507852194713403
23,unequalpi,nobias,FUBAR2,CT,1.212331329147077
24,unequalpi,bias,FUBAR1,AC,0.4551114705995731
24,unequalpi,bias,FUBAR1,GT,0.2102377125985112
24,unequalpi,bias,FUBAR1,CG,0.1699899907281489
24,unequalpi,bias,FUBAR1,AT,0.2879077092083116
24,unequalpi,bias,FUBAR1,CT,1.135966253397244
24,unequalpi,bias,FUBAR2,AC,0.4551056549291951
24,unequalpi,bias,FUBAR2,GT,0.2102363806476323
24,unequalpi,bias,FUBAR2,CG,0.1699894166106342
24,unequalpi,bias,FUBAR2,AT,0.287904208108225
24,unequalpi,bias,FUBAR2,CT,1.135951244747171
24,unequalpi,nobias,FUBAR1,AC,0.3732005116083611
24,unequalpi,nobias,FUBAR1,GT,0.208213836133637
24,unequalpi,nobias,FUBAR1,CG,0.2232832434554113
24,unequalpi,nobias,FUBAR1,AT,0.2840261420081249
24,unequalpi,nobias,FUBAR1,CT,1.209885714707763
24,unequalpi,nobias,FUBAR2,AC,0.3732061836020651
24,unequalpi,nobias,FUBAR2,GT,0.2082003510875196
24,unequalpi,nobias,FUBAR2,CG,0.2232831896425847
24,unequalpi,nobias,FUBAR2,AT,0.283999982550177
24,unequalpi,nobias,FUBAR2,CT,1.209885265430405
25,unequalpi,bias,FUBAR1,AC,0.3407933561669466
25,unequalpi,bias,FUBAR1,GT,0.250010722937083
25,unequalpi,bias,FUBAR1,CG,0.2143909179590294
25,unequalpi,bias,FUBAR1,AT,0.3363709775997716
25,unequalpi,bias,FUBAR1,CT,0.9972313650369063
25,unequalpi,bias,FUBAR2,AC,0.340847514012501
25,unequalpi,bias,FUBAR2,GT,0.2500165582709982
25,unequalpi,bias,FUBAR2,CG,0.2143940988169813
25,unequalpi,bias,FUBAR2,AT,0.3363773682063762
25,unequalpi,bias,FUBAR2,CT,0.9972422474570486
25,unequalpi,nobias,FUBAR1,AC,0.5213350351815491
25,unequalpi,nobias,FUBAR1,GT,0.1859295246195665
25,unequalpi,nobias,FUBAR1,CG,0.2431505701017943
25,unequalpi,nobias,FUBAR1,AT,0.2829320810373199
25,unequalpi,nobias,FUBAR1,CT,0.9507454245498473
25,unequalpi,nobias,FUBAR2,AC,0.5213355270830318
25,unequalpi,nobias,FUBAR2,GT,0.1859436649539014
25,unequalpi,nobias,FUBAR2,CG,0.2431512147225778
25,unequalpi,nobias,FUBAR2,AT,0.282885502038702
25,unequalpi,nobias,FUBAR2,CT,0.9512822197928525
26,unequalpi,bias,FUBAR1,AC,0.3818046400220984
26,unequalpi,bias,FUBAR1,GT,0.239925805045678
26,unequalpi,bias,FUBAR1,CG,0.1731747633670726
26,unequalpi,bias,FUBAR1,AT,0.2816082358745121
26,unequalpi,bias,FUBAR1,CT,0.9403430851053879
26,unequalpi,bias,FUBAR2,AC,0.381956680415489
26,unequalpi,bias,FUBAR2,GT,0.2399268906849038
26,unequalpi,bias,FUBAR2,CG,0.1731750592423308
26,unequalpi,bias,FUBAR2,AT,0.2814966254454934
26,unequalpi,bias,FUBAR2,CT,0.9403447572136275
26,unequalpi,nobias,FUBAR1,AC,0.3943032004081845
26,unequalpi,nobias,FUBAR1,GT,0.2461206484653987
26,unequalpi,nobias,FUBAR1,CG,0.1815893118493311
26,unequalpi,nobias,FUBAR1,AT,0.2268237403766132
26,unequalpi,nobias,FUBAR1,CT,1.078941738044238
26,unequalpi,nobias,FUBAR2,AC,0.3942814422864249
26,unequalpi,nobias,FUBAR2,GT,0.2461206855861304
26,unequalpi,nobias,FUBAR2,CG,0.1815774504321207
26,unequalpi,nobias,FUBAR2,AT,0.2268243454603219
26,unequalpi,nobias,FUBAR2,CT,1.078665580127305
27,unequalpi,bias,FUBAR1,AC,0.4209249335275814
27,unequalpi,bias,FUBAR1,GT,0.2594671348877521
27,unequalpi,bias,FUBAR1,CG,0.272871360445557
27,unequalpi,bias,FUBAR1,AT,0.3425638607050937
27,unequalpi,bias,FUBAR1,CT,1.35762882176501
27,unequalpi,bias,FUBAR2,AC,0.4209557365599435
27,unequalpi,bias,FUBAR2,GT,0.2595141604565336
27,unequalpi,bias,FUBAR2,CG,0.2728520505609787
27,unequalpi,bias,FUBAR2,AT,0.3425859081501303
27,unequalpi,bias,FUBAR2,CT,1.357819594422524
27,unequalpi,nobias,FUBAR1,AC,0.3743641511106453
27,unequalpi,nobias,FUBAR1,GT,0.2132385613350787
27,unequalpi,nobias,FUBAR1,CG,0.1855126814948314
27,unequalpi,nobias,FUBAR1,AT,0.2157665147579219
27,unequalpi,nobias,FUBAR1,CT,1.005946930520988
27,unequalpi,nobias,FUBAR2,AC,0.3743632306621213
27,unequalpi,nobias,FUBAR2,GT,0.2132413111950345
27,unequalpi,nobias,FUBAR2,CG,0.1855113566470702
27,unequalpi,nobias,FUBAR2,AT,0.2157689083220068
27,unequalpi,nobias,FUBAR2,CT,1.005947176287182
28,unequalpi,bias,FUBAR1,AC,0.3678267558260556
28,unequalpi,bias,FUBAR1,GT,0.3024338134225831
28,unequalpi,bias,FUBAR1,CG,0.1205759586395697
28,unequalpi,bias,FUBAR1,AT,0.3272707390895578
28,unequalpi,bias,FUBAR1,CT,0.9542370791664354
28,unequalpi,bias,FUBAR2,AC,0.3678190199216229
28,unequalpi,bias,FUBAR2,GT,0.3024303225034368
28,unequalpi,bias,FUBAR2,CG,0.1205753471079926
28,unequalpi,bias,FUBAR2,AT,0.327267131515446
28,unequalpi,bias,FUBAR2,CT,0.9542258301056263
28,unequalpi,nobias,FUBAR1,AC,0.4162894172987144
28,unequalpi,nobias,FUBAR1,GT,0.2715026164286539
28,unequalpi,nobias,FUBAR1,CG,0.2742146731699012
28,unequalpi,nobias,FUBAR1,AT,0.3887550079639712
28,unequalpi,nobias,FUBAR1,CT,1.226638261444753
28,unequalpi,nobias,FUBAR2,AC,0.416336219294233
28,unequalpi,nobias,FUBAR2,GT,0.2714962149550201
28,unequalpi,nobias,FUBAR2,CG,0.2742085745026582
28,unequalpi,nobias,FUBAR2,AT,0.3886685977377156
28,unequalpi,nobias,FUBAR2,CT,1.226607659947273
29,unequalpi,bias,FUBAR1,AC,0.2816923567171608
29,unequalpi,bias,FUBAR1,GT,0.2350056741158488
29,unequalpi,bias,FUBAR1,CG,0.1732541573929347
29,unequalpi,bias,FUBAR1,AT,0.3174473586379229
29,unequalpi,bias,FUBAR1,CT,1.027044992667122
29,unequalpi,bias,FUBAR2,AC,0.2816943545059113
29,unequalpi,bias,FUBAR2,GT,0.2350034243802102
29,unequalpi,bias,FUBAR2,CG,0.1732489443922146
29,unequalpi,bias,FUBAR2,AT,0.3174325845522154
29,unequalpi,bias,FUBAR2,CT,1.027048208208104
29,unequalpi,nobias,FUBAR1,AC,0.4423682973386017
29,unequalpi,nobias,FUBAR1,GT,0.2317174711885948
29,unequalpi,nobias,FUBAR1,CG,0.2096220569988622
29,unequalpi,nobias,FUBAR1,AT,0.2841347835853155
29,unequalpi,nobias,FUBAR1,CT,0.9388009083772958
29,unequalpi,nobias,FUBAR2,AC,0.4423723835935474
29,unequalpi,nobias,FUBAR2,GT,0.2317207182084664
29,unequalpi,nobias,FUBAR2,CG,0.2096240841507754
29,unequalpi,nobias,FUBAR2,AT,0.2841374092021396
29,unequalpi,nobias,FUBAR2,CT,0.9388268451317722
2,unequalpi,bias,FUBAR1,AC,0.4018332638273553
2,unequalpi,bias,FUBAR1,GT,0.1742524642406016
2,unequalpi,bias,FUBAR1,CG,0.1526671727934935
2,unequalpi,bias,FUBAR1,AT,0.2642558243708303
2,unequalpi,bias,FUBAR1,CT,0.9295795704239614
2,unequalpi,bias,FUBAR2,AC,0.4018404636448932
2,unequalpi,bias,FUBAR2,GT,0.1742421849986233
2,unequalpi,bias,FUBAR2,CG,0.1526699312675126
2,unequalpi,bias,FUBAR2,AT,0.2642231842016326
2,unequalpi,bias,FUBAR2,CT,0.9295792946552393
2,unequalpi,nobias,FUBAR1,AC,0.3788103082572699
2,unequalpi,nobias,FUBAR1,GT,0.2275673903494077
2,unequalpi,nobias,FUBAR1,CG,0.2473971871253804
2,unequalpi,nobias,FUBAR1,AT,0.361705670119484
2,unequalpi,nobias,FUBAR1,CT,0.9773766705057202
2,unequalpi,nobias,FUBAR2,AC,0.3788429967474101
2,unequalpi,nobias,FUBAR2,GT,0.227530207986379
2,unequalpi,nobias,FUBAR2,CG,0.2473792515276756
2,unequalpi,nobias,FUBAR2,AT,0.3617314131111681
2,unequalpi,nobias,FUBAR2,CT,0.9779773086685394
30,unequalpi,bias,FUBAR1,AC,0.4558621748865024
30,unequalpi,bias,FUBAR1,GT,0.1687546066813924
30,unequalpi,bias,FUBAR1,CG,0.2312695222154043
30,unequalpi,bias,FUBAR1,AT,0.3018720948588781
30,unequalpi,bias,FUBAR1,CT,1.108748891173287
30,unequalpi,bias,FUBAR2,AC,0.4558058244712817
30,unequalpi,bias,FUBAR2,GT,0.1687553536087015
30,unequalpi,bias,FUBAR2,CG,0.2312723217974501
30,unequalpi,bias,FUBAR2,AT,0.3018443076864329
30,unequalpi,bias,FUBAR2,CT,1.108761662618549
30,unequalpi,nobias,FUBAR1,AC,0.457604484032312
30,unequalpi,nobias,FUBAR1,GT,0.3379249055521322
30,unequalpi,nobias,FUBAR1,CG,0.1978413521320134
30,unequalpi,nobias,FUBAR1,AT,0.4115424162233378
30,unequalpi,nobias,FUBAR1,CT,1.202329568718365
30,unequalpi,nobias,FUBAR2,AC,0.4574214526710412
30,unequalpi,nobias,FUBAR2,GT,0.3379679276413483
30,unequalpi,nobias,FUBAR2,CG,0.1978437115841395
30,unequalpi,nobias,FUBAR2,AT,0.4115470232399787
30,unequalpi,nobias,FUBAR2,CT,1.202366973902284
31,unequalpi,bias,FUBAR1,AC,0.4157766978141552
31,unequalpi,bias,FUBAR1,GT,0.1829605264837059
31,unequalpi,bias,FUBAR1,CG,0.1738831052463358
31,unequalpi,bias,FUBAR1,AT,0.2582209299026537
31,unequalpi,bias,FUBAR1,CT,0.8732762751380893
31,unequalpi,bias,FUBAR2,AC,0.415776987625495
31,unequalpi,bias,FUBAR2,GT,0.1829366545272404
31,unequalpi,bias,FUBAR2,CG,0.1738654691014365
31,unequalpi,bias,FUBAR2,AT,0.2582223543008274
31,unequalpi,bias,FUBAR2,CT,0.8731748653076701
31,unequalpi,nobias,FUBAR1,AC,0.4124619441701532
31,unequalpi,nobias,FUBAR1,GT,0.1860295776004385
31,unequalpi,nobias,FUBAR1,CG,0.1809993684234649
31,unequalpi,nobias,FUBAR1,AT,0.264681560961207
31,unequalpi,nobias,FUBAR1,CT,0.9344424115870842
31,unequalpi,nobias,FUBAR2,AC,0.4124597587562543
31,unequalpi,nobias,FUBAR2,GT,0.1860236617531198
31,unequalpi,nobias,FUBAR2,CG,0.1809860574053112
31,unequalpi,nobias,FUBAR2,AT,0.2646736739230179
31,unequalpi,nobias,FUBAR2,CT,0.9349798286356933
32,unequalpi,bias,FUBAR1,AC,0.5232787889611547
32,unequalpi,bias,FUBAR1,GT,0.1985276137301292
32,unequalpi,bias,FUBAR1,CG,0.1653051785689108
32,unequalpi,bias,FUBAR1,AT,0.3737227298062248
32,unequalpi,bias,FUBAR1,CT,1.266852831796131
32,unequalpi,bias,FUBAR2,AC,0.5232606046223902
32,unequalpi,bias,FUBAR2,GT,0.1985562704843259
32,unequalpi,bias,FUBAR2,CG,0.1653045067938036
32,unequalpi,bias,FUBAR2,AT,0.3737224332736356
32,unequalpi,bias,FUBAR2,CT,1.266850431206065
32,unequalpi,nobias,FUBAR1,AC,0.5118802569837916
32,unequalpi,nobias,FUBAR1,GT,0.2275397480617792
32,unequalpi,nobias,FUBAR1,CG,0.2037599522821322
32,unequalpi,nobias,FUBAR1,AT,0.2834933614807183
32,unequalpi,nobias,FUBAR1,CT,1.21724820422372
32,unequalpi,nobias,FUBAR2,AC,0.5117648543063302
32,unequalpi,nobias,FUBAR2,GT,0.2275484101253298
32,unequalpi,nobias,FUBAR2,CG,0.2037677641804438
32,unequalpi,nobias,FUBAR2,AT,0.2834915952691919
32,unequalpi,nobias,FUBAR2,CT,1.217274100592598
33,unequalpi,bias,FUBAR1,AC,0.3528768435971419
33,unequalpi,bias,FUBAR1,GT,0.2018336101428499
33,unequalpi,bias,FUBAR1,CG,0.1928420627064023
33,unequalpi,bias,FUBAR1,AT,0.3176862907628372
33,unequalpi,bias,FUBAR1,CT,1.196068516198999
33,unequalpi,bias,FUBAR2,AC,0.3528956155100794
33,unequalpi,bias,FUBAR2,GT,0.2018434174737383
33,unequalpi,bias,FUBAR2,CG,0.1927979746478861
33,unequalpi,bias,FUBAR2,AT,0.3176782377457956
33,unequalpi,bias,FUBAR2,CT,1.196132138715951
33,unequalpi,nobias,FUBAR1,AC,0.4565698228130357
33,unequalpi,nobias,FUBAR1,GT,0.274378643744401
33,unequalpi,nobias,FUBAR1,CG,0.212786914122797
33,unequalpi,nobias,FUBAR1,AT,0.2773932163394979
33,unequalpi,nobias,FUBAR1,CT,1.051879780247493
33,unequalpi,nobias,FUBAR2,AC,0.4566068449759245
33,unequalpi,nobias,FUBAR2,GT,0.2743825006551044
33,unequalpi,nobias,FUBAR2,CG,0.2128118310595914
33,unequalpi,nobias,FUBAR2,AT,0.2774054048901156
33,unequalpi,nobias,FUBAR2,CT,1.051951020835772
34,unequalpi,bias,FUBAR1,AC,0.3706834608361051
34,unequalpi,bias,FUBAR1,GT,0.1532943149200028
34,unequalpi,bias,FUBAR1,CG,0.2164467304335406
34,unequalpi,bias,FUBAR1,AT,0.2355422221044969
34,unequalpi,bias,FUBAR1,CT,0.8669981164196207
34,unequalpi,bias,FUBAR2,AC,0.3708524864794109
34,unequalpi,bias,FUBAR2,GT,0.153300428847632
34,unequalpi,bias,FUBAR2,CG,0.2165372856941175
34,unequalpi,bias,FUBAR2,AT,0.2355263868414962
34,unequalpi,bias,FUBAR2,CT,0.8675574183076783
34,unequalpi,nobias,FUBAR1,AC,0.467634113761026
34,unequalpi,nobias,FUBAR1,GT,0.2084418116565933
34,unequalpi,nobias,FUBAR1,CG,0.2508552724920245
34,unequalpi,nobias,FUBAR1,AT,0.30920496005479
34,unequalpi,nobias,FUBAR1,CT,1.153549453706209
34,unequalpi,nobias,FUBAR2,AC,0.4676422280313381
34,unequalpi,nobias,FUBAR2,GT,0.2084518250489107
34,unequalpi,nobias,FUBAR2,CG,0.2508535197936527
34,unequalpi,nobias,FUBAR2,AT,0.3091717655720193
34,unequalpi,nobias,FUBAR2,CT,1.15353439304367
35,unequalpi,bias,FUBAR1,AC,0.4431493959979773
35,unequalpi,bias,FUBAR1,GT,0.2600912589592079
35,unequalpi,bias,FUBAR1,CG,0.1633336698721037
35,unequalpi,bias,FUBAR1,AT,0.3174716579383885
35,unequalpi,bias,FUBAR1,CT,0.9954235598777569
35,unequalpi,bias,FUBAR2,AC,0.4431457656846609
35,unequalpi,bias,FUBAR2,GT,0.2600882632182253
35,unequalpi,bias,FUBAR2,CG,0.1633320140644792
35,unequalpi,bias,FUBAR2,AT,0.3174685995298904
35,unequalpi,bias,FUBAR2,CT,0.9954294460834633
35,unequalpi,nobias,FUBAR1,AC,0.518213134279026
35,unequalpi,nobias,FUBAR1,GT,0.2546215921511123
35,unequalpi,nobias,FUBAR1,CG,0.220882324983176
35,unequalpi,nobias,FUBAR1,AT,0.425317025487242
35,unequalpi,nobias,FUBAR1,CT,1.499683775290835
35,unequalpi,nobias,FUBAR2,AC,0.5183165075255614
35,unequalpi,nobias,FUBAR2,GT,0.2546790571757307
35,unequalpi,nobias,FUBAR2,CG,0.220968990724744
35,unequalpi,nobias,FUBAR2,AT,0.4253226008406544
35,unequalpi,nobias,FUBAR2,CT,1.500216358901771
36,unequalpi,bias,FUBAR1,AC,0.4638142515111912
36,unequalpi,bias,FUBAR1,GT,0.1631723746127388
36,unequalpi,bias,FUBAR1,CG,0.1447873118582215
36,unequalpi,bias,FUBAR1,AT,0.3487102689381641
36,unequalpi,bias,FUBAR1,CT,0.9036720997461469
36,unequalpi,bias,FUBAR2,AC,0.4638229858246912
36,unequalpi,bias,FUBAR2,GT,0.1631739143961829
36,unequalpi,bias,FUBAR2,CG,0.1447868331112214
36,unequalpi,bias,FUBAR2,AT,0.3487179824476056
36,unequalpi,bias,FUBAR2,CT,0.9036741565643988
36,unequalpi,nobias,FUBAR1,AC,0.5225987669723675
36,unequalpi,nobias,FUBAR1,GT,0.1693887695285231
36,unequalpi,nobias,FUBAR1,CG,0.1730135040953905
36,unequalpi,nobias,FUBAR1,AT,0.2444416030228353
36,unequalpi,nobias,FUBAR1,CT,1.122185203144981
36,unequalpi,nobias,FUBAR2,AC,0.5226196524067001
36,unequalpi,nobias,FUBAR2,GT,0.1694076657395787
36,unequalpi,nobias,FUBAR2,CG,0.1730445384316997
36,unequalpi,nobias,FUBAR2,AT,0.2444892652962366
36,unequalpi,nobias,FUBAR2,CT,1.122436460382789
37,unequalpi,bias,FUBAR1,AC,0.4927821134636273
37,unequalpi,bias,FUBAR1,GT,0.1822028111030909
37,unequalpi,bias,FUBAR1,CG,0.2390128154340442
37,unequalpi,bias,FUBAR1,AT,0.3060933256587561
37,unequalpi,bias,FUBAR1,CT,1.030236125762426
37,unequalpi,bias,FUBAR2,AC,0.4927749252064241
37,unequalpi,bias,FUBAR2,GT,0.1822292567670344
37,unequalpi,bias,FUBAR2,CG,0.239029673101541
37,unequalpi,bias,FUBAR2,AT,0.3060901556874102
37,unequalpi,bias,FUBAR2,CT,1.030247137204806
37,unequalpi,nobias,FUBAR1,AC,0.5160232979790286
37,unequalpi,nobias,FUBAR1,GT,0.2284144294487599
37,unequalpi,nobias,FUBAR1,CG,0.2119104252732028
37,unequalpi,nobias,FUBAR1,AT,0.3156119280973898
37,unequalpi,nobias,FUBAR1,CT,1.282302930455993
37,unequalpi,nobias,FUBAR2,AC,0.5160214237224778
37,unequalpi,nobias,FUBAR2,GT,0.2284047153893
37,unequalpi,nobias,FUBAR2,CG,0.2118998044596615
37,unequalpi,nobias,FUBAR2,AT,0.3156847798104653
37,unequalpi,nobias,FUBAR2,CT,1.282284095789031
38,unequalpi,bias,FUBAR1,AC,0.4697490155454229
38,unequalpi,bias,FUBAR1,GT,0.2181939511763858
38,unequalpi,bias,FUBAR1,CG,0.2647420635690839
38,unequalpi,bias,FUBAR1,AT,0.3254120887501933
38,unequalpi,bias,FUBAR1,CT,1.163574362546963
38,unequalpi,bias,FUBAR2,AC,0.4697580357636953
38,unequalpi,bias,FUBAR2,GT,0.218198734634541
38,unequalpi,bias,FUBAR2,CG,0.264755435789264
38,unequalpi,bias,FUBAR2,AT,0.3254194018499355
38,unequalpi,bias,FUBAR2,CT,1.163581039758108
38,unequalpi,nobias,FUBAR1,AC,0.3436476209010626
38,unequalpi,nobias,FUBAR1,GT,0.1713757290942639
38,unequalpi,nobias,FUBAR1,CG,0.143401499218571
38,unequalpi,nobias,FUBAR1,AT,0.2247465914756487
38,unequalpi,nobias,FUBAR1,CT,0.9641754105893968
38,unequalpi,nobias,FUBAR2,AC,0.3437555758367749
38,unequalpi,nobias,FUBAR2,GT,0.1713554066727041
38,unequalpi,nobias,FUBAR2,CG,0.143383860520505
38,unequalpi,nobias,FUBAR2,AT,0.2247208952296804
38,unequalpi,nobias,FUBAR2,CT,0.9640304855206316
39,unequalpi,bias,FUBAR1,AC,0.5288779974778377
39,unequalpi,bias,FUBAR1,GT,0.1839800543885437
39,unequalpi,bias,FUBAR1,CG,0.2414252558537557
39,unequalpi,bias,FUBAR1,AT,0.3589589267597746
39,unequalpi,bias,FUBAR1,CT,1.153582302888311
39,unequalpi,bias,FUBAR2,AC,0.5288184284143227
39,unequalpi,bias,FUBAR2,GT,0.1839897234340035
39,unequalpi,bias,FUBAR2,CG,0.2414305225624679
39,unequalpi,bias,FUBAR2,AT,0.3589136986838193
39,unequalpi,bias,FUBAR2,CT,1.152804230188063
39,unequalpi,nobias,FUBAR1,AC,0.6014460602302955
39,unequalpi,nobias,FUBAR1,GT,0.1860930633241741
39,unequalpi,nobias,FUBAR1,CG,0.1945819773614771
39,unequalpi,nobias,FUBAR1,AT,0.3217418601959069
39,unequalpi,nobias,FUBAR1,CT,1.051548370234463
39,unequalpi,nobias,FUBAR2,AC,0.6015711741101177
39,unequalpi,nobias,FUBAR2,GT,0.1860962503952846
39,unequalpi,nobias,FUBAR2,CG,0.1946111310222947
39,unequalpi,nobias,FUBAR2,AT,0.3217472549917967
39,unequalpi,nobias,FUBAR2,CT,1.051576026298943
3,unequalpi,bias,FUBAR1,AC,0.400979288804195
3,unequalpi,bias,FUBAR1,GT,0.2470891351646035
3,unequalpi,bias,FUBAR1,CG,0.3235755059937565
3,unequalpi,bias,FUBAR1,AT,0.2591804749840912
3,unequalpi,bias,FUBAR1,CT,1.104315601117695
3,unequalpi,bias,FUBAR2,AC,0.4009694354510644
3,unequalpi,bias,FUBAR2,GT,0.247083444068756
3,unequalpi,bias,FUBAR2,CG,0.3235625171621628
3,unequalpi,bias,FUBAR2,AT,0.2591847968411912
3,unequalpi,bias,FUBAR2,CT,1.104210620783822
3,unequalpi,nobias,FUBAR1,AC,0.48843735559548
3,unequalpi,nobias,FUBAR1,GT,0.2142472042640997
3,unequalpi,nobias,FUBAR1,CG,0.1404053550450517
3,unequalpi,nobias,FUBAR1,AT,0.2723855425569732
3,unequalpi,nobias,FUBAR1,CT,1.077135196786416
3,unequalpi,nobias,FUBAR2,AC,0.4884242434415719
3,unequalpi,nobias,FUBAR2,GT,0.2143067735280652
3,unequalpi,nobias,FUBAR2,CG,0.1404100641709386
3,unequalpi,nobias,FUBAR2,AT,0.2723859913329002
3,unequalpi,nobias,FUBAR2,CT,1.077219232764186
40,unequalpi,bias,FUBAR1,AC,0.3998523436487419
40,unequalpi,bias,FUBAR1,GT,0.2347383447253974
40,unequalpi,bias,FUBAR1,CG,0.2378441551255088
40,unequalpi,bias,FUBAR1,AT,0.2746980353307365
40,unequalpi,bias,FUBAR1,CT,1.203058302004204
40,unequalpi,bias,FUBAR2,AC,0.3998454213379757
40,unequalpi,bias,FUBAR2,GT,0.2347337509402181
40,unequalpi,bias,FUBAR2,CG,0.2378603385329914
40,unequalpi,bias,FUBAR2,AT,0.2747068409846277
40,unequalpi,bias,FUBAR2,CT,1.20305681560758
40,unequalpi,nobias,FUBAR1,AC,0.4733419852427055
40,unequalpi,nobias,FUBAR1,GT,0.1875401034556058
40,unequalpi,nobias,FUBAR1,CG,0.2164834240394138
40,unequalpi,nobias,FUBAR1,AT,0.2871081295685191
40,unequalpi,nobias,FUBAR1,CT,1.165335856281837
40,unequalpi,nobias,FUBAR2,AC,0.4733359016474186
40,unequalpi,nobias,FUBAR2,GT,0.1875379424142798
40,unequalpi,nobias,FUBAR2,CG,0.216477362224639
40,unequalpi,nobias,FUBAR2,AT,0.2871057988584532
40,unequalpi,nobias,FUBAR2,CT,1.165469771311326
41,unequalpi,bias,FUBAR1,AC,0.7319111370764192
41,unequalpi,bias,FUBAR1,GT,0.1799942913028111
41,unequalpi,bias,FUBAR1,CG,0.1528066641606517
41,unequalpi,bias,FUBAR1,AT,0.3172634987654018
41,unequalpi,bias,FUBAR1,CT,1.195890555798354
41,unequalpi,bias,FUBAR2,AC,0.732270024834862
41,unequalpi,bias,FUBAR2,GT,0.1800029191141481
41,unequalpi,bias,FUBAR2,CG,0.152809425376192
41,unequalpi,bias,FUBAR2,AT,0.3172703235202495
41,unequalpi,bias,FUBAR2,CT,1.195917272600855
41,unequalpi,nobias,FUBAR1,AC,0.4495240768204332
41,unequalpi,nobias,FUBAR1,GT,0.1913675556262805
41,unequalpi,nobias,FUBAR1,CG,0.2050147790037865
41,unequalpi,nobias,FUBAR1,AT,0.298602281145354
41,unequalpi,nobias,FUBAR1,CT,1.111715490433137
41,unequalpi,nobias,FUBAR2,AC,0.4495721695736006
41,unequalpi,nobias,FUBAR2,GT,0.1913630849896042
41,unequalpi,nobias,FUBAR2,CG,0.2050099270184929
41,unequalpi,nobias,FUBAR2,AT,0.2985988578869062
41,unequalpi,nobias,FUBAR2,CT,1.111694529971676
42,unequalpi,bias,FUBAR1,AC,0.465099435953867
42,unequalpi,bias,FUBAR1,GT,0.2087701728939054
42,unequalpi,bias,FUBAR1,CG,0.1818897267517809
42,unequalpi,bias,FUBAR1,AT,0.2644817462498393
42,unequalpi,bias,FUBAR1,CT,1.117227914854977
42,unequalpi,bias,FUBAR2,AC,0.4651147710296271
42,unequalpi,bias,FUBAR2,GT,0.2087841417643904
42,unequalpi,bias,FUBAR2,CG,0.1818965014785642
42,unequalpi,bias,FUBAR2,AT,0.2644915142990957
42,unequalpi,bias,FUBAR2,CT,1.116482205728901
42,unequalpi,nobias,FUBAR1,AC,0.4350401800639178
42,unequalpi,nobias,FUBAR1,GT,0.1725146464029115
42,unequalpi,nobias,FUBAR1,CG,0.209155905415381
42,unequalpi,nobias,FUBAR1,AT,0.262992023105468
42,unequalpi,nobias,FUBAR1,CT,0.9126115791974997
42,unequalpi,nobias,FUBAR2,AC,0.4350537676331995
42,unequalpi,nobias,FUBAR2,GT,0.1725152578117942
42,unequalpi,nobias,FUBAR2,CG,0.2091568672342365
42,unequalpi,nobias,FUBAR2,AT,0.2629927761618862
42,unequalpi,nobias,FUBAR2,CT,0.9126147477774172
43,unequalpi,bias,FUBAR1,AC,0.4281033170824051
43,unequalpi,bias,FUBAR1,GT,0.2547806423150692
43,unequalpi,bias,FUBAR1,CG,0.2299361421565621
43,unequalpi,bias,FUBAR1,AT,0.413302100658065
43,unequalpi,bias,FUBAR1,CT,1.280289003952876
43,unequalpi,bias,FUBAR2,AC,0.4281352370055538
43,unequalpi,bias,FUBAR2,GT,0.254805559754485
43,unequalpi,bias,FUBAR2,CG,0.2299665149940482
43,unequalpi,bias,FUBAR2,AT,0.4133013438442551
43,unequalpi,bias,FUBAR2,CT,1.281565797634362
43,unequalpi,nobias,FUBAR1,AC,0.4310977508667536
43,unequalpi,nobias,FUBAR1,GT,0.1819710545229652
43,unequalpi,nobias,FUBAR1,CG,0.1255597318598078
43,unequalpi,nobias,FUBAR1,AT,0.2344799949021369
43,unequalpi,nobias,FUBAR1,CT,1.024487429853232
43,unequalpi,nobias,FUBAR2,AC,0.4310967070766936
43,unequalpi,nobias,FUBAR2,GT,0.1819722431717918
43,unequalpi,nobias,FUBAR2,CG,0.1255607136194662
43,unequalpi,nobias,FUBAR2,AT,0.2345131639317149
43,unequalpi,nobias,FUBAR2,CT,1.024484932590766
44,unequalpi,bias,FUBAR1,AC,0.3698209142524808
44,unequalpi,bias,FUBAR1,GT,0.2085868700341262
44,unequalpi,bias,FUBAR1,CG,0.2745469125624007
44,unequalpi,bias,FUBAR1,AT,0.282792653715044
44,unequalpi,bias,FUBAR1,CT,1.045216074367376
44,unequalpi,bias,FUBAR2,AC,0.3697930405297453
44,unequalpi,bias,FUBAR2,GT,0.2085886163077559
44,unequalpi,bias,FUBAR2,CG,0.2745375715426407
44,unequalpi,bias,FUBAR2,AT,0.2827990150711972
44,unequalpi,bias,FUBAR2,CT,1.045230701889723
44,unequalpi,nobias,FUBAR1,AC,0.3698139836473255
44,unequalpi,nobias,FUBAR1,GT,0.1767676247028987
44,unequalpi,nobias,FUBAR1,CG,0.1626743170690841
44,unequalpi,nobias,FUBAR1,AT,0.3045426595536626
44,unequalpi,nobias,FUBAR1,CT,0.9660465832287923
44,unequalpi,nobias,FUBAR2,AC,0.3697786461148022
44,unequalpi,nobias,FUBAR2,GT,0.1767721221234417
44,unequalpi,nobias,FUBAR2,CG,0.1626722468203662
44,unequalpi,nobias,FUBAR2,AT,0.3045180863247283
44,unequalpi,nobias,FUBAR2,CT,0.9660569783428272
45,unequalpi,bias,FUBAR1,AC,0.4167879559391336
45,unequalpi,bias,FUBAR1,GT,0.2104863088936016
45,unequalpi,bias,FUBAR1,CG,0.2128879026496607
45,unequalpi,bias,FUBAR1,AT,0.3792144070879528
45,unequalpi,bias,FUBAR1,CT,1.168608804827899
45,unequalpi,bias,FUBAR2,AC,0.416771380595016
45,unequalpi,bias,FUBAR2,GT,0.2104914538013773
45,unequalpi,bias,FUBAR2,CG,0.2129019098178839
45,unequalpi,bias,FUBAR2,AT,0.3792566617909335
45,unequalpi,bias,FUBAR2,CT,1.168654454682342
45,unequalpi,nobias,FUBAR1,AC,0.4991575312861805
45,unequalpi,nobias,FUBAR1,GT,0.2140313647219753
45,unequalpi,nobias,FUBAR1,CG,0.1653554873665499
45,unequalpi,nobias,FUBAR1,AT,0.3115109604383342
45,unequalpi,nobias,FUBAR1,CT,1.198242465898733
45,unequalpi,nobias,FUBAR2,AC,0.4992361318751348
45,unequalpi,nobias,FUBAR2,GT,0.214027161671253
45,unequalpi,nobias,FUBAR2,CG,0.1653572099038356
45,unequalpi,nobias,FUBAR2,AT,0.3114784855265683
45,unequalpi,nobias,FUBAR2,CT,1.19821856377687
46,unequalpi,bias,FUBAR1,AC,0.519185657923028
46,unequalpi,bias,FUBAR1,GT,0.2228701989158934
46,unequalpi,bias,FUBAR1,CG,0.1969191662557804
46,unequalpi,bias,FUBAR1,AT,0.3125048962187408
46,unequalpi,bias,FUBAR1,CT,0.966441157568765
46,unequalpi,bias,FUBAR2,AC,0.5191745923763422
46,unequalpi,bias,FUBAR2,GT,0.2229070782190238
46,unequalpi,bias,FUBAR2,CG,0.196901489448873
46,unequalpi,bias,FUBAR2,AT,0.3124995379440519
46,unequalpi,bias,FUBAR2,CT,0.9662638438682385
46,unequalpi,nobias,FUBAR1,AC,0.3813806321279232
46,unequalpi,nobias,FUBAR1,GT,0.2003883723766965
46,unequalpi,nobias,FUBAR1,CG,0.2242572693389086
46,unequalpi,nobias,FUBAR1,AT,0.3691758371328913
46,unequalpi,nobias,FUBAR1,CT,1.430388295708409
46,unequalpi,nobias,FUBAR2,AC,0.3813839374514514
46,unequalpi,nobias,FUBAR2,GT,0.2003899379429268
46,unequalpi,nobias,FUBAR2,CG,0.2242591286659288
46,unequalpi,nobias,FUBAR2,AT,0.369179040080014
46,unequalpi,nobias,FUBAR2,CT,1.430410540280217
47,unequalpi,bias,FUBAR1,AC,0.4887034728539065
47,unequalpi,bias,FUBAR1,GT,0.2083890438486938
47,unequalpi,bias,FUBAR1,CG,0.1562229904900011
47,unequalpi,bias,FUBAR1,AT,0.2101123783420848
47,unequalpi,bias,FUBAR1,CT,0.9081948618295184
47,unequalpi,bias,FUBAR2,AC,0.4887033182892788
47,unequalpi,bias,FUBAR2,GT,0.2084684528692802
47,unequalpi,bias,FUBAR2,CG,0.1562211077485557
47,unequalpi,bias,FUBAR2,AT,0.2101123120687028
47,unequalpi,bias,FUBAR2,CT,0.9081945734278133
47,unequalpi,nobias,FUBAR1,AC,0.339110360671615
47,unequalpi,nobias,FUBAR1,GT,0.1701697576616955
47,unequalpi,nobias,FUBAR1,CG,0.1728317904984136
47,unequalpi,nobias,FUBAR1,AT,0.31387644370953
47,unequalpi,nobias,FUBAR1,CT,1.087430445247254
47,unequalpi,nobias,FUBAR2,AC,0.3391694005854753
47,unequalpi,nobias,FUBAR2,GT,0.1701791853790601
47,unequalpi,nobias,FUBAR2,CG,0.1728299418666483
47,unequalpi,nobias,FUBAR2,AT,0.3138776036556869
47,unequalpi,nobias,FUBAR2,CT,1.087434573533412
48,unequalpi,bias,FUBAR1,AC,0.4682659919586173
48,unequalpi,bias,FUBAR1,GT,0.2223703574216557
48,unequalpi,bias,FUBAR1,CG,0.2098994859553578
48,unequalpi,bias,FUBAR1,AT,0.365294698236412
48,unequalpi,bias,FUBAR1,CT,1.076395569584494
48,unequalpi,bias,FUBAR2,AC,0.4683307196832358
48,unequalpi,bias,FUBAR2,GT,0.2224020911161307
48,unequalpi,bias,FUBAR2,CG,0.2099878241908875
48,unequalpi,bias,FUBAR2,AT,0.3653940694905396
48,unequalpi,bias,FUBAR2,CT,1.076708309377378
48,unequalpi,nobias,FUBAR1,AC,0.4200735545006692
48,unequalpi,nobias,FUBAR1,GT,0.2248260471044808
48,unequalpi,nobias,FUBAR1,CG,0.2445769087992672
48,unequalpi,nobias,FUBAR1,AT,0.342691567923355
48,unequalpi,nobias,FUBAR1,CT,1.256428693071454
48,unequalpi,nobias,FUBAR2,AC,0.4200251027509774
48,unequalpi,nobias,FUBAR2,GT,0.2248088484227975
48,unequalpi,nobias,FUBAR2,CG,0.2445564426445318
48,unequalpi,nobias,FUBAR2,AT,0.3426737826475196
48,unequalpi,nobias,FUBAR2,CT,1.256281996912328
49,unequalpi,bias,FUBAR1,AC,0.608835496333613
49,unequalpi,bias,FUBAR1,GT,0.2265184964201119
49,unequalpi,bias,FUBAR1,CG,0.2876810412622816
49,unequalpi,bias,FUBAR1,AT,0.3438927872560992
49,unequalpi,bias,FUBAR1,CT,1.479189411597245
49,unequalpi,bias,FUBAR2,AC,0.6087657270661506
49,unequalpi,bias,FUBAR2,GT,0.2265228079804729
49,unequalpi,bias,FUBAR2,CG,0.2877052111943584
49,unequalpi,bias,FUBAR2,AT,0.3439055889242927
49,unequalpi,bias,FUBAR2,CT,1.479702263329805
49,unequalpi,nobias,FUBAR1,AC,0.4983162833497863
49,unequalpi,nobias,FUBAR1,GT,0.2429500643858198
49,unequalpi,nobias,FUBAR1,CG,0.2925087048122639
49,unequalpi,nobias,FUBAR1,AT,0.3249739008586128
49,unequalpi,nobias,FUBAR1,CT,1.392329806339087
49,unequalpi,nobias,FUBAR2,AC,0.4983001885364589
49,unequalpi,nobias,FUBAR2,GT,0.242992555809245
49,unequalpi,nobias,FUBAR2,CG,0.2924886194790356
49,unequalpi,nobias,FUBAR2,AT,0.324964974972185
49,unequalpi,nobias,FUBAR2,CT,1.392223631239191
4,unequalpi,bias,FUBAR1,AC,0.2874149032382766
4,unequalpi,bias,FUBAR1,GT,0.1718660764692768
4,unequalpi,bias,FUBAR1,CG,0.3107854280428903
4,unequalpi,bias,FUBAR1,AT,0.299422458060557
4,unequalpi,bias,FUBAR1,CT,1.056546597138273
4,unequalpi,bias,FUBAR2,AC,0.2874158302328468
4,unequalpi,bias,FUBAR2,GT,0.1718913741639247
4,unequalpi,bias,FUBAR2,CG,0.3107624959470108
4,unequalpi,bias,FUBAR2,AT,0.2994243072047537
4,unequalpi,bias,FUBAR2,CT,1.056536122345658
4,unequalpi,nobias,FUBAR1,AC,0.4666527708890207
4,unequalpi,nobias,FUBAR1,GT,0.2325211994401827
4,unequalpi,nobias,FUBAR1,CG,0.1697833457945884
4,unequalpi,nobias,FUBAR1,AT,0.3024069039351608
4,unequalpi,nobias,FUBAR1,CT,1.227590948301691
4,unequalpi,nobias,FUBAR2,AC,0.4666528129171877
4,unequalpi,nobias,FUBAR2,GT,0.2325004965013292
4,unequalpi,nobias,FUBAR2,CG,0.169736537499649
4,unequalpi,nobias,FUBAR2,AT,0.3023548909982132
4,unequalpi,nobias,FUBAR2,CT,1.227428392398369
50,unequalpi,bias,FUBAR1,AC,0.311782547776591
50,unequalpi,bias,FUBAR1,GT,0.2311057795999308
50,unequalpi,bias,FUBAR1,CG,0.1950395816448277
50,unequalpi,bias,FUBAR1,AT,0.2025728401283454
50,unequalpi,bias,FUBAR1,CT,1.07420252464959
50,unequalpi,bias,FUBAR2,AC,0.3118101799425354
50,unequalpi,bias,FUBAR2,GT,0.2311310979374084
50,unequalpi,bias,FUBAR2,CG,0.1950913643576792
50,unequalpi,bias,FUBAR2,AT,0.2026133296604274
50,unequalpi,bias,FUBAR2,CT,1.074466140073662
50,unequalpi,nobias,FUBAR1,AC,0.3927940195439104
50,unequalpi,nobias,FUBAR1,GT,0.1917792822266625
50,unequalpi,nobias,FUBAR1,CG,0.1506278156634746
50,unequalpi,nobias,FUBAR1,AT,0.2486834409118513
50,unequalpi,nobias,FUBAR1,CT,1.032607480406856
50,unequalpi,nobias,FUBAR2,AC,0.3927912195318773
50,unequalpi,nobias,FUBAR2,GT,0.1917798639369373
50,unequalpi,nobias,FUBAR2,CG,0.1506221979935598
50,unequalpi,nobias,FUBAR2,AT,0.2486980532022689
50,unequalpi,nobias,FUBAR2,CT,1.03340148767717
5,unequalpi,bias,FUBAR1,AC,0.4141270048122655
5,unequalpi,bias,FUBAR1,GT,0.2368956292913823
5,unequalpi,bias,FUBAR1,CG,0.2251309837338709
5,unequalpi,bias,FUBAR1,AT,0.3537107397803402
5,unequalpi,bias,FUBAR1,CT,0.9378601993233138
5,unequalpi,bias,FUBAR2,AC,0.4139045287589548
5,unequalpi,bias,FUBAR2,GT,0.2368169176872739
5,unequalpi,bias,FUBAR2,CG,0.2250340791105077
5,unequalpi,bias,FUBAR2,AT,0.3535614075396029
5,unequalpi,bias,FUBAR2,CT,0.9372705550309383
5,unequalpi,nobias,FUBAR1,AC,0.5303359155882819
5,unequalpi,nobias,FUBAR1,GT,0.1932453091117808
5,unequalpi,nobias,FUBAR1,CG,0.2096587786833253
5,unequalpi,nobias,FUBAR1,AT,0.3620895811395982
5,unequalpi,nobias,FUBAR1,CT,1.342555708458206
5,unequalpi,nobias,FUBAR2,AC,0.5303597804800283
5,unequalpi,nobias,FUBAR2,GT,0.1932470675447349
5,unequalpi,nobias,FUBAR2,CG,0.2096292547851826
5,unequalpi,nobias,FUBAR2,AT,0.3620992224528757
5,unequalpi,nobias,FUBAR2,CT,1.342557224732037
6,unequalpi,bias,FUBAR1,AC,0.4917326275422552
6,unequalpi,bias,FUBAR1,GT,0.2465642103146543
6,unequalpi,bias,FUBAR1,CG,0.2488470063182409
6,unequalpi,bias,FUBAR1,AT,0.3495994361977863
6,unequalpi,bias,FUBAR1,CT,1.270894651383855
6,unequalpi,bias,FUBAR2,AC,0.4917292706112676
6,unequalpi,bias,FUBAR2,GT,0.2465878662814191
6,unequalpi,bias,FUBAR2,CG,0.2488058906774368
6,unequalpi,bias,FUBAR2,AT,0.3495981530081634
6,unequalpi,bias,FUBAR2,CT,1.27092851941834
6,unequalpi,nobias,FUBAR1,AC,0.4153135103450946
6,unequalpi,nobias,FUBAR1,GT,0.1793963828765995
6,unequalpi,nobias,FUBAR1,CG,0.2033330001090488
6,unequalpi,nobias,FUBAR1,AT,0.2049789289764582
6,unequalpi,nobias,FUBAR1,CT,0.9898532795653874
6,unequalpi,nobias,FUBAR2,AC,0.4153107873266138
6,unequalpi,nobias,FUBAR2,GT,0.1793976699194246
6,unequalpi,nobias,FUBAR2,CG,0.203324615729832
6,unequalpi,nobias,FUBAR2,AT,0.2049813484917125
6,unequalpi,nobias,FUBAR2,CT,0.9898648643636568
7,unequalpi,bias,FUBAR1,AC,0.4108636538053094
7,unequalpi,bias,FUBAR1,GT,0.2022679789539009
7,unequalpi,bias,FUBAR1,CG,0.2534739179356401
7,unequalpi,bias,FUBAR1,AT,0.2512439870145815
7,unequalpi,bias,FUBAR1,CT,0.9560436862340684
7,unequalpi,bias,FUBAR2,AC,0.4108911652348376
7,unequalpi,bias,FUBAR2,GT,0.2022960872397919
7,unequalpi,bias,FUBAR2,CG,0.2535104833092644
7,unequalpi,bias,FUBAR2,AT,0.251243954178283
7,unequalpi,bias,FUBAR2,CT,0.9561963162575701
7,unequalpi,nobias,FUBAR1,AC,0.3926303559650697
7,unequalpi,nobias,FUBAR1,GT,0.1728994490915771
7,unequalpi,nobias,FUBAR1,CG,0.1855131978156146
7,unequalpi,nobias,FUBAR1,AT,0.2485726529352328
7,unequalpi,nobias,FUBAR1,CT,1.056737415323286
7,unequalpi,nobias,FUBAR2,AC,0.3926275184575291
7,unequalpi,nobias,FUBAR2,GT,0.1729163907484022
7,unequalpi,nobias,FUBAR2,CG,0.1855275408907221
7,unequalpi,nobias,FUBAR2,AT,0.248573838280555
7,unequalpi,nobias,FUBAR2,CT,1.05672855101855
8,unequalpi,bias,FUBAR1,AC,0.3748487090500243
8,unequalpi,bias,FUBAR1,GT,0.1826735068532976
8,unequalpi,bias,FUBAR1,CG,0.145887343130784
8,unequalpi,bias,FUBAR1,AT,0.3243488076683134
8,unequalpi,bias,FUBAR1,CT,0.9599553463703949
8,unequalpi,bias,FUBAR2,AC,0.374838331564901
8,unequalpi,bias,FUBAR2,GT,0.1826695139297252
8,unequalpi,bias,FUBAR2,CG,0.1458827899728292
8,unequalpi,bias,FUBAR2,AT,0.3243400694932994
8,unequalpi,bias,FUBAR2,CT,0.9598513259511945
8,unequalpi,nobias,FUBAR1,AC,0.3826059118571232
8,unequalpi,nobias,FUBAR1,GT,0.2182013968652125
8,unequalpi,nobias,FUBAR1,CG,0.2107761829827769
8,unequalpi,nobias,FUBAR1,AT,0.3434633015209396
8,unequalpi,nobias,FUBAR1,CT,1.217210077439024
8,unequalpi,nobias,FUBAR2,AC,0.3825892384889737
8,unequalpi,nobias,FUBAR2,GT,0.2181926809351512
8,unequalpi,nobias,FUBAR2,CG,0.2107616141696212
8,unequalpi,nobias,FUBAR2,AT,0.3434487749212844
8,unequalpi,nobias,FUBAR2,CT,1.217209393854737
9,unequalpi,bias,FUBAR1,AC,0.5374121449882718
9,unequalpi,bias,FUBAR1,GT,0.2587044454028525
9,unequalpi,bias,FUBAR1,CG,0.2200546063322384
9,unequalpi,bias,FUBAR1,AT,0.3209255935291423
9,unequalpi,bias,FUBAR1,CT,1.511904351917189
9,unequalpi,bias,FUBAR2,AC,0.5374887572525423
9,unequalpi,bias,FUBAR2,GT,0.2586803743772891
9,unequalpi,bias,FUBAR2,CG,0.2199805215597227
9,unequalpi,bias,FUBAR2,AT,0.3209203461440426
9,unequalpi,bias,FUBAR2,CT,1.511872406311861
9,unequalpi,nobias,FUBAR1,AC,0.5193267554603503
9,unequalpi,nobias,FUBAR1,GT,0.1955553748793121
9,unequalpi,nobias,FUBAR1,CG,0.2144457567370183
9,unequalpi,nobias,FUBAR1,AT,0.3571200656612701
9,unequalpi,nobias,FUBAR1,CT,1.085010771578866
9,unequalpi,nobias,FUBAR2,AC,0.519354714934614
9,unequalpi,nobias,FUBAR2,GT,0.195563884622821
9,unequalpi,nobias,FUBAR2,CG,0.2144263731625122
9,unequalpi,nobias,FUBAR2,AT,0.3571356443870199
9,unequalpi,nobias,FUBAR2,CT,1.085694196861098
